Model, Rating, Price
Apple iPhone 6s (Space Grey 32 GB),4.5,29799
Apple iPhone 6s (Gold 32 GB),4.5,29799
Apple iPhone XR (Black 64 GB),4.6,59999
Apple iPhone XR (White 64 GB),4.6,59999
Apple iPhone XR (White 128 GB),4.6,64999
Apple iPhone XR (Black 128 GB),4.6,64999
Apple iPhone XR ((PRODUCT)RED 64 GB),4.6,59999
Apple iPhone XR (Coral 64 GB),4.6,59999
Apple iPhone 8 Plus (Space Grey 64 GB),4.6,61490
Apple iPhone 7 (Silver 32 GB),4.5,39890
Apple iPhone 7 (Silver 128 GB),4.5,47899
Apple iPhone XR ((PRODUCT)RED 128 GB),4.6,64999
Apple iPhone XR (Coral 128 GB),4.6,64999
Apple iPhone 8 (Silver 64 GB),4.6,50900
Apple iPhone 8 (Silver 256 GB),4.6,54999
Apple iPhone 8 (PRODUCT)RED (Red 64 GB),4.7,53490
Apple iPhone 8 Plus (Gold 64 GB),4.6,58900
Apple iPhone 6 (Space Grey 32 GB),4.4,27999
Apple iPhone XR (Blue 64 GB),4.6,59999
Apple iPhone XR (Yellow 256 GB),4.6,74999
Apple iPhone 8 (Space Grey 64 GB),4.6,59999
Apple iPhone 7 Plus (Black 128 GB),4.6,59900
Apple iPhone 7 Plus (Rose Gold 256 GB),4.6,69990
Apple iPhone 8 Plus (Space Grey 256 GB),4.6,73700
